accuracy,algorithm_id,dataset,dataset_name,max_memory_mib,max_tree_size_arg,n_examples,n_features,optimal,output_file,problem_id,raw_line,runtime_milliseconds,runtime_seconds,solver,stderr,stdout,subset_ratio,subset_seed,timed_out,timeout_seconds_arg,tree,tree_size,from_cache,source_dataset,branch_count,dataset_path,error,expansions,memory_usage_bytes,solved,status
1.0,5.0,analcatdata_bankruptcy.csv,analcatdata_bankruptcy.csv,21.0,-1.0,50,5,True,experiments/results/codt-witty-sampled/witty-cache/analcatdata_bankruptcy.txt,0.0,0;5;analcatdata_bankruptcy.csv;50;1.0;0;5;-1;1800;30174;21;false;true;4;1.00;10579;4877;11829;8;21;56;50;13;1;3;5;237;49;0;0;3520;0;0;0;0;3:r:-1:2:-4.9|0:r:-1:3:21.3|0:l:-1:1:-46.5|-1:-1:-1:4:0.698|1:l:true:-1:-1|2:r:false:-1:-1|1:r:false:-1:-1|2:l:true:-1:-1|3:l:true:-1:-1;,30174.0,0.4101130999997622,witty,,"Started problem 0
Set parameter WLSAccessID
Set parameter WLSSecret
Set parameter LicenseID to value 2781812
Academic license 2781812 - for non-commercial use only - registered to tt___@tudelft.nl
Set parameter Threads to value 1
Trying max size 4
Finished problem 0
",1.0,0.0,False,1800.0,3:r:-1:2:-4.9|0:r:-1:3:21.3|0:l:-1:1:-46.5|-1:-1:-1:4:0.698|1:l:true:-1:-1|2:r:false:-1:-1|1:r:false:-1:-1|2:l:true:-1:-1|3:l:true:-1:-1,4,True,analcatdata_bankruptcy.txt,,,,,,,
1.0,,analcatdata_bankruptcy.txt,,,,50,5,,,,,,0.0267806290066801,codt,"[2026-06-15T18:31:37Z INFO  codt_cli] Starting solve with options:
    SolverOptions { lb_strategy: {ClassCount, Improvement, OneOff, Pair}, ub_strategy: ForRemainingInterval, cart_ub: true, cart_ub_patience: 5, cache_max_branch_budget: Some(3), data_reduction: true, track_intermediates: false, timeout: Some(1800s), memory_limit: Some(4294967296) }
    
[2026-06-15T18:31:37Z INFO  codt::search::solver_impl] One off witnesses: 0
[2026-06-15T18:31:37Z INFO  codt::search::solver_impl] Pair lower bound: (primary: 0, secondary: 4)
[2026-06-15T18:31:37Z INFO  codt::search::solver_impl] Final root bounds: lower (primary: 0, secondary: 4), upper (primary: 0, secondary: 4), best (primary: 0, secondary: 4), complete true
[2026-06-15T18:31:37Z INFO  codt::search::solver_impl] Solution cache: 29 useful hits / 2741 lookups (1.1%), 99 entries
[2026-06-15T18:31:37Z INFO  codt_cli] Read time (s): 0.0000357
[2026-06-15T18:31:37Z INFO  codt_cli] Solve time (s): 0.023940326
[2026-06-15T18:31:37Z INFO  codt_cli] Max memory usage (MB): 0.48
[2026-06-15T18:31:37Z INFO  codt_cli] Graph expansions: 642
[2026-06-15T18:31:37Z INFO  codt_cli] Tree: [2<=-3.75:[1<=-45.70:1,0],[3<=21.35:1,[4<=0.70:1,0]]]
","Set parameter WLSAccessID
Set parameter WLSSecret
Set parameter LicenseID to value 2781812
Academic license 2781812 - for non-commercial use only - registered to tt___@tudelft.nl
Misclassifications: 0. Branch nodes: 4. Accuracy: 100%.
",,,,,"[2<=-3.75:[1<=-45.70:1,0],[3<=21.35:1,[4<=0.70:1,0]]]",9,True,analcatdata_bankruptcy.txt,4.0,data/openml/sampled/analcatdata_bankruptcy.txt,,642.0,503316.0,True,perfect-tree-found
1.0,5.0,analcatdata_election2000.csv,analcatdata_election2000.csv,20.0,-1.0,67,14,True,experiments/results/codt-witty-sampled/witty-cache/analcatdata_election2000.txt,1.0,1;5;analcatdata_election2000.csv;67;1.0;0;14;-1;1800;30090;20;false;true;2;1.00;312;19;55;0;0;1;67;5;1;2;14;728;67;0;0;4;0;0;0;0;-1:-1:-1:11:40144.0|0:l:-1:2:305.0|1:l:true:-1:-1|0:r:false:-1:-1|1:r:false:-1:-1;,30090.0,0.3152424999998402,witty,,"Started problem 1
Set parameter WLSAccessID
Set parameter WLSSecret
Set parameter LicenseID to value 2781812
Academic license 2781812 - for non-commercial use only - registered to tt___@tudelft.nl
Set parameter Threads to value 1
Trying max size 2
Finished problem 1
",1.0,0.0,False,1800.0,-1:-1:-1:11:40144.0|0:l:-1:2:305.0|1:l:true:-1:-1|0:r:false:-1:-1|1:r:false:-1:-1,2,True,analcatdata_election2000.txt,,,,,,,
1.0,,analcatdata_election2000.txt,,,,67,14,,,,,,0.02871063099883031,codt,"[2026-06-15T18:31:37Z INFO  codt_cli] Starting solve with options:
    SolverOptions { lb_strategy: {Improvement, Pair, ClassCount, OneOff}, ub_strategy: ForRemainingInterval, cart_ub: true, cart_ub_patience: 5, cache_max_branch_budget: Some(3), data_reduction: true, track_intermediates: false, timeout: Some(1800s), memory_limit: Some(4294967296) }
    
[2026-06-15T18:31:37Z INFO  codt::search::solver_impl] One off witnesses: 0
[2026-06-15T18:31:37Z INFO  codt::search::solver_impl] Pair lower bound: (primary: 0, secondary: 2)
[2026-06-15T18:31:37Z INFO  codt::search::solver_impl] Final root bounds: lower (primary: 0, secondary: 2), upper (primary: 0, secondary: 2), best (primary: 0, secondary: 2), complete true
[2026-06-15T18:31:37Z INFO  codt::search::solver_impl] Solution cache: 0 useful hits / 154 lookups (0.0%), 2 entries
[2026-06-15T18:31:37Z INFO  codt_cli] Read time (s): 0.0000819
[2026-06-15T18:31:37Z INFO  codt_cli] Solve time (s): 0.026044329
[2026-06-15T18:31:37Z INFO  codt_cli] Max memory usage (MB): 0.51
[2026-06-15T18:31:37Z INFO  codt_cli] Graph expansions: 80
[2026-06-15T18:31:37Z INFO  codt_cli] Tree: [11<=36600.50:1,[7<=480.00:0,1]]
","Set parameter WLSAccessID
Set parameter WLSSecret
Set parameter LicenseID to value 2781812
Academic license 2781812 - for non-commercial use only - registered to tt___@tudelft.nl
Misclassifications: 0. Branch nodes: 2. Accuracy: 100%.
",,,,,"[11<=36600.50:1,[7<=480.00:0,1]]",5,True,analcatdata_election2000.txt,2.0,data/openml/sampled/analcatdata_election2000.txt,,80.0,534773.0,True,perfect-tree-found
1.0,5.0,autoprice.csv,autoprice.csv,16.0,-1.0,100,15,True,experiments/results/codt-witty-sampled/witty-cache/autoprice.txt,5.0,5;5;autoprice.csv;100;1.0;0;15;-1;1800;30131;16;false;true;3;1.00;306;123;131;0;0;1;100;9;1;3;15;443;84;0;0;15;0;0;0;0;-1:-1:-1:4:64.6|0:r:-1:6:2425.0|1:l:-1:1:161.0|0:l:true:-1:-1|1:r:false:-1:-1|2:l:true:-1:-1|2:r:false:-1:-1;,30131.0,0.5365925950000019,witty,,"Started problem 5
Set parameter WLSAccessID
Set parameter WLSSecret
Set parameter LicenseID to value 2781812
Academic license 2781812 - for non-commercial use only - registered to tt___@tudelft.nl
Set parameter Threads to value 1
Trying max size 3
Finished problem 5
",1.0,0.0,False,1800.0,-1:-1:-1:4:64.6|0:r:-1:6:2425.0|1:l:-1:1:161.0|0:l:true:-1:-1|1:r:false:-1:-1|2:l:true:-1:-1|2:r:false:-1:-1,3,True,autoprice.txt,,,,,,,
1.0,,autoprice.txt,,,,100,15,,,,,,0.05596926101134159,codt,"[2026-06-15T18:31:37Z INFO  codt_cli] Starting solve with options:
    SolverOptions { lb_strategy: {Improvement, OneOff, Pair, ClassCount}, ub_strategy: ForRemainingInterval, cart_ub: true, cart_ub_patience: 5, cache_max_branch_budget: Some(3), data_reduction: true, track_intermediates: false, timeout: Some(1800s), memory_limit: Some(4294967296) }
    
[2026-06-15T18:31:37Z INFO  codt::search::solver_impl] One off witnesses: 0
[2026-06-15T18:31:37Z INFO  codt::search::solver_impl] Pair lower bound: (primary: 0, secondary: 3)
[2026-06-15T18:31:37Z INFO  codt::search::solver_impl] Final root bounds: lower (primary: 0, secondary: 3), upper (primary: 0, secondary: 3), best (primary: 0, secondary: 3), complete true
[2026-06-15T18:31:37Z INFO  codt::search::solver_impl] Solution cache: 13 useful hits / 2092 lookups (0.6%), 37 entries
[2026-06-15T18:31:37Z INFO  codt_cli] Read time (s): 0.0001141
[2026-06-15T18:31:37Z INFO  codt_cli] Solve time (s): 0.053303058
[2026-06-15T18:31:37Z INFO  codt_cli] Max memory usage (MB): 1.26
[2026-06-15T18:31:37Z INFO  codt_cli] Graph expansions: 402
[2026-06-15T18:31:37Z INFO  codt_cli] Tree: [10<=9.05:[14<=29.50:0,1],[4<=66.05:1,0]]
","Set parameter WLSAccessID
Set parameter WLSSecret
Set parameter LicenseID to value 2781812
Academic license 2781812 - for non-commercial use only - registered to tt___@tudelft.nl
Misclassifications: 0. Branch nodes: 3. Accuracy: 100%.
",,,,,"[10<=9.05:[14<=29.50:0,1],[4<=66.05:1,0]]",7,True,autoprice.txt,3.0,data/openml/sampled/autoprice.txt,,402.0,1321205.0,True,perfect-tree-found
1.0,5.0,breast-w.csv,breast-w.csv,26.0,-1.0,100,9,True,experiments/results/codt-witty-sampled/witty-cache/breast-w.txt,6.0,6;5;breast-w.csv;100;1.0;0;9;-1;1800;30188;26;false;true;5;1.00;6204;3398;4947;26;367;323;100;18;1;4;9;75;10;0;0;4195;0;0;0;0;-1:-1:-1:0:6.0|0:l:-1:3:2.0|1:l:-1:4:4.0|1:r:-1:7:2.0|3:l:-1:1:5.0|0:r:true:-1:-1|2:l:false:-1:-1|3:r:true:-1:-1|2:r:true:-1:-1|4:l:false:-1:-1|4:r:true:-1:-1;,30188.0,0.36480829599986464,witty,,"Started problem 6
Set parameter WLSAccessID
Set parameter WLSSecret
Set parameter LicenseID to value 2781812
Academic license 2781812 - for non-commercial use only - registered to tt___@tudelft.nl
Set parameter Threads to value 1
Trying max size 4
Trying max size 5
Finished problem 6
",1.0,0.0,False,1800.0,-1:-1:-1:0:6.0|0:l:-1:3:2.0|1:l:-1:4:4.0|1:r:-1:7:2.0|3:l:-1:1:5.0|0:r:true:-1:-1|2:l:false:-1:-1|3:r:true:-1:-1|2:r:true:-1:-1|4:l:false:-1:-1|4:r:true:-1:-1,5,True,breast-w.txt,,,,,,,
1.0,,breast-w.txt,,,,100,9,,,,,,1800.0092467819923,codt,,,,,,,"[0, 6.5, [3, 2.5, [4, 3.5, 0, 1], [1, 4.5, [7, 2.5, 0, 1], 1]], 1]",11,True,breast-w.txt,5.0,data/openml/sampled/breast-w.txt,,11486989.0,1470257.0,True,perfect-tree-found
1.0,5.0,chatfield_4.csv,chatfield_4.csv,377.0,-1.0,100,12,True,experiments/results/codt-witty-sampled/witty-cache/chatfield_4.txt,7.0,7;5;chatfield_4.csv;100;1.0;0;12;-1;1800;722311;377;false;true;6;1.00;58901659;66442677;585727839;2786;4465988;23152;100;25;1;5;12;1086;100;0;0;151360167;0;0;0;0;2:r:-1:1:72.7|3:r:-1:6:88.0|-1:-1:-1:10:32.6|0:l:-1:2:46.2|1:l:-1:11:51.0|3:l:-1:6:30.0|1:r:true:-1:-1|0:r:false:-1:-1|4:r:false:-1:-1|2:l:true:-1:-1|5:r:false:-1:-1|4:l:true:-1:-1|5:l:true:-1:-1;,722311.0,692.5625804930005,witty,,"Started problem 7
Set parameter WLSAccessID
Set parameter WLSSecret
Set parameter LicenseID to value 2781812
Academic license 2781812 - for non-commercial use only - registered to tt___@tudelft.nl
Set parameter Threads to value 1
Trying max size 5
Trying max size 6
Finished problem 7
",1.0,0.0,False,1800.0,2:r:-1:1:72.7|3:r:-1:6:88.0|-1:-1:-1:10:32.6|0:l:-1:2:46.2|1:l:-1:11:51.0|3:l:-1:6:30.0|1:r:true:-1:-1|0:r:false:-1:-1|4:r:false:-1:-1|2:l:true:-1:-1|5:r:false:-1:-1|4:l:true:-1:-1|5:l:true:-1:-1,6,True,chatfield_4.txt,,,,,,,
1.0,,chatfield_4.txt,,,,100,12,,,,,,1800.0487097740115,codt,,,,,,,"[0, 1797.5, [4, 65.4, [9, 41.2, 1, 0], [4, 74.0, 1, 0]], [9, 31.75, [8, 31.9, 1, 0], [9, 52.3, 1, 0]]]",15,True,chatfield_4.txt,7.0,data/openml/sampled/chatfield_4.txt,,6498703.0,3827375.0,True,perfect-tree-found
1.0,5.0,chscase_adopt.csv,chscase_adopt.csv,125.0,-1.0,39,2,True,experiments/results/codt-witty-sampled/witty-cache/chscase_adopt.txt,8.0,8;5;chscase_adopt.csv;39;1.0;0;2;-1;1800;30197;125;false;true;8;1.00;6104;1296;8314;0;0;1;39;44;1;8;2;67;35;0;0;6176;0;0;0;0;-1:-1:-1:0:6.0|0:r:-1:1:5.0|1:r:-1:0:15.0|2:r:-1:0:17.0|3:r:-1:0:51.0|4:r:-1:0:52.0|5:r:-1:0:164.0|6:l:-1:1:178.0|0:l:true:-1:-1|1:l:false:-1:-1|2:l:true:-1:-1|3:l:false:-1:-1|4:l:true:-1:-1|5:l:false:-1:-1|7:l:true:-1:-1|6:r:false:-1:-1|7:r:false:-1:-1;,30197.0,0.3769060000004174,witty,,"Started problem 8
Set parameter WLSAccessID
Set parameter WLSSecret
Set parameter LicenseID to value 2781812
Academic license 2781812 - for non-commercial use only - registered to tt___@tudelft.nl
Set parameter Threads to value 1
Trying max size 8
Finished problem 8
",1.0,0.0,False,1800.0,-1:-1:-1:0:6.0|0:r:-1:1:5.0|1:r:-1:0:15.0|2:r:-1:0:17.0|3:r:-1:0:51.0|4:r:-1:0:52.0|5:r:-1:0:164.0|6:l:-1:1:178.0|0:l:true:-1:-1|1:l:false:-1:-1|2:l:true:-1:-1|3:l:false:-1:-1|4:l:true:-1:-1|5:l:false:-1:-1|7:l:true:-1:-1|6:r:false:-1:-1|7:r:false:-1:-1,8,True,chscase_adopt.txt,,,,,,,
1.0,,chscase_adopt.txt,,,,39,2,,,,,,0.017104019003454596,codt,"[2026-06-15T18:31:51Z INFO  codt_cli] Starting solve with options:
    SolverOptions { lb_strategy: {OneOff, Pair, ClassCount, Improvement}, ub_strategy: ForRemainingInterval, cart_ub: true, cart_ub_patience: 5, cache_max_branch_budget: Some(3), data_reduction: true, track_intermediates: false, timeout: Some(1800s), memory_limit: Some(4294967296) }
    
[2026-06-15T18:31:51Z INFO  codt::search::solver_impl] One off witnesses: 2
[2026-06-15T18:31:51Z INFO  codt::search::solver_impl] Pair lower bound: (primary: 0, secondary: 8)
[2026-06-15T18:31:51Z INFO  codt::search::solver_impl] Final root bounds: lower (primary: 0, secondary: 8), upper (primary: 0, secondary: 8), best (primary: 0, secondary: 8), complete true
[2026-06-15T18:31:51Z INFO  codt::search::solver_impl] Solution cache: 247 useful hits / 3736 lookups (6.6%), 121 entries
[2026-06-15T18:31:51Z INFO  codt_cli] Read time (s): 0.0000279
[2026-06-15T18:31:51Z INFO  codt_cli] Solve time (s): 0.013635615
[2026-06-15T18:31:51Z INFO  codt_cli] Max memory usage (MB): 0.24
[2026-06-15T18:31:51Z INFO  codt_cli] Graph expansions: 842
[2026-06-15T18:31:51Z INFO  codt_cli] Tree: [0<=51.50:[1<=5.50:[0<=8.00:1,0],[0<=16.00:1,[0<=19.00:0,1]]],[1<=211.00:[0<=53.00:0,[0<=186.50:1,0]],0]]
","Set parameter WLSAccessID
Set parameter WLSSecret
Set parameter LicenseID to value 2781812
Academic license 2781812 - for non-commercial use only - registered to tt___@tudelft.nl
Misclassifications: 0. Branch nodes: 8. Accuracy: 100%.
",,,,,"[0<=51.50:[1<=5.50:[0<=8.00:1,0],[0<=16.00:1,[0<=19.00:0,1]]],[1<=211.00:[0<=53.00:0,[0<=186.50:1,0]],0]]",17,True,chscase_adopt.txt,8.0,data/openml/sampled/chscase_adopt.txt,,842.0,251658.0,True,perfect-tree-found
1.0,5.0,chscase_vine1.csv,chscase_vine1.csv,139.0,-1.0,52,9,True,experiments/results/codt-witty-sampled/witty-cache/chscase_vine1.txt,12.0,12;5;chscase_vine1.csv;52;1.0;0;9;-1;1800;30690;139;false;true;5;1.00;86497;34362;67608;35;1656;253;52;19;1;4;9;185;52;0;0;29996;0;0;0;0;-1:-1:-1:0:3.0|0:r:-1:0:26.0|1:r:-1:6:10.0|2:r:-1:5:9.0|2:l:-1:5:18.0|0:l:true:-1:-1|1:l:false:-1:-1|4:l:true:-1:-1|3:l:false:-1:-1|3:r:true:-1:-1|4:r:false:-1:-1;,30690.0,1.0813257990012062,witty,,"Started problem 12
Set parameter WLSAccessID
Set parameter WLSSecret
Set parameter LicenseID to value 2781812
Academic license 2781812 - for non-commercial use only - registered to tt___@tudelft.nl
Set parameter Threads to value 1
Trying max size 4
Trying max size 5
Finished problem 12
",1.0,0.0,False,1800.0,-1:-1:-1:0:3.0|0:r:-1:0:26.0|1:r:-1:6:10.0|2:r:-1:5:9.0|2:l:-1:5:18.0|0:l:true:-1:-1|1:l:false:-1:-1|4:l:true:-1:-1|3:l:false:-1:-1|3:r:true:-1:-1|4:r:false:-1:-1,5,True,chscase_vine1.txt,,,,,,,
1.0,,chscase_vine1.txt,,,,52,9,,,,,,35.102941407996695,codt,"[2026-06-15T18:31:51Z INFO  codt_cli] Starting solve with options:
    SolverOptions { lb_strategy: {Improvement, OneOff, Pair, ClassCount}, ub_strategy: ForRemainingInterval, cart_ub: true, cart_ub_patience: 5, cache_max_branch_budget: Some(3), data_reduction: true, track_intermediates: false, timeout: Some(1800s), memory_limit: Some(4294967296) }
    
[2026-06-15T18:31:51Z INFO  codt::search::solver_impl] One off witnesses: 0
[2026-06-15T18:31:51Z INFO  codt::search::solver_impl] Pair lower bound: (primary: 0, secondary: 4)
[2026-06-15T18:32:26Z INFO  codt::search::solver_impl] Final root bounds: lower (primary: 0, secondary: 5), upper (primary: 0, secondary: 5), best (primary: 0, secondary: 5), complete true
[2026-06-15T18:32:26Z INFO  codt::search::solver_impl] Solution cache: 1456803 useful hits / 15187491 lookups (9.6%), 88353 entries
[2026-06-15T18:32:26Z INFO  codt_cli] Read time (s): 0.0000674
[2026-06-15T18:32:26Z INFO  codt_cli] Solve time (s): 35.096815201
[2026-06-15T18:32:26Z INFO  codt_cli] Max memory usage (MB): 25.72
[2026-06-15T18:32:26Z INFO  codt_cli] Graph expansions: 2009311
[2026-06-15T18:32:26Z INFO  codt_cli] Tree: [0<=24.50:[0<=3.50:1,0],[5<=8.25:[6<=10.50:1,0],[2<=13.50:1,0]]]
","Set parameter WLSAccessID
Set parameter WLSSecret
Set parameter LicenseID to value 2781812
Academic license 2781812 - for non-commercial use only - registered to tt___@tudelft.nl
Misclassifications: 0. Branch nodes: 5. Accuracy: 100%.
",,,,,"[0<=24.50:[0<=3.50:1,0],[5<=8.25:[6<=10.50:1,0],[2<=13.50:1,0]]]",11,True,chscase_vine1.txt,5.0,data/openml/sampled/chscase_vine1.txt,,2009311.0,26969374.0,True,perfect-tree-found
1.0,5.0,chscase_vine2.csv,chscase_vine2.csv,316.0,-1.0,100,2,True,experiments/results/codt-witty-sampled/witty-cache/chscase_vine2.txt,13.0,13;5;chscase_vine2.csv;100;1.0;0;2;-1;1800;100792;316;false;true;24;1.00;453023;42627;1417601;6;239638;86;100;219;1;17;2;52;52;0;0;4459265;0;0;0;0;-1:-1:-1:1:1.0|0:r:-1:0:1983.0|1:r:-1:1:2.0|2:r:-1:1:4.0|1:l:-1:1:10.0|3:r:-1:1:5.0|5:r:-1:1:11.0|4:r:-1:1:14.0|7:r:-1:1:16.0|8:r:-1:1:17.0|6:r:-1:1:12.0|10:r:-1:1:13.0|11:r:-1:1:15.0|9:r:-1:1:19.0|13:r:-1:1:21.0|12:r:-1:1:18.0|15:r:-1:1:19.0|16:r:-1:1:35.0|17:r:-1:1:36.0|18:r:-1:1:38.0|19:r:-1:1:40.0|20:r:-1:1:41.0|21:r:-1:1:44.0|14:r:-1:1:45.0|0:l:true:-1:-1|4:l:false:-1:-1|2:l:true:-1:-1|3:l:false:-1:-1|5:l:true:-1:-1|7:l:true:-1:-1|6:l:false:-1:-1|10:l:true:-1:-1|8:l:false:-1:-1|9:l:true:-1:-1|13:l:false:-1:-1|11:l:false:-1:-1|12:l:true:-1:-1|15:l:false:-1:-1|14:l:true:-1:-1|23:l:false:-1:-1|16:l:true:-1:-1|17:l:false:-1:-1|18:l:true:-1:-1|19:l:false:-1:-1|20:l:true:-1:-1|21:l:false:-1:-1|22:l:true:-1:-1|22:r:false:-1:-1|23:r:true:-1:-1;,100792.0,70.9788596390008,witty,,"Started problem 13
Set parameter WLSAccessID
Set parameter WLSSecret
Set parameter LicenseID to value 2781812
Academic license 2781812 - for non-commercial use only - registered to tt___@tudelft.nl
Set parameter Threads to value 1
Trying max size 23
Trying max size 24
Finished problem 13
",1.0,0.0,False,1800.0,-1:-1:-1:1:1.0|0:r:-1:0:1983.0|1:r:-1:1:2.0|2:r:-1:1:4.0|1:l:-1:1:10.0|3:r:-1:1:5.0|5:r:-1:1:11.0|4:r:-1:1:14.0|7:r:-1:1:16.0|8:r:-1:1:17.0|6:r:-1:1:12.0|10:r:-1:1:13.0|11:r:-1:1:15.0|9:r:-1:1:19.0|13:r:-1:1:21.0|12:r:-1:1:18.0|15:r:-1:1:19.0|16:r:-1:1:35.0|17:r:-1:1:36.0|18:r:-1:1:38.0|19:r:-1:1:40.0|20:r:-1:1:41.0|21:r:-1:1:44.0|14:r:-1:1:45.0|0:l:true:-1:-1|4:l:false:-1:-1|2:l:true:-1:-1|3:l:false:-1:-1|5:l:true:-1:-1|7:l:true:-1:-1|6:l:false:-1:-1|10:l:true:-1:-1|8:l:false:-1:-1|9:l:true:-1:-1|13:l:false:-1:-1|11:l:false:-1:-1|12:l:true:-1:-1|15:l:false:-1:-1|14:l:true:-1:-1|23:l:false:-1:-1|16:l:true:-1:-1|17:l:false:-1:-1|18:l:true:-1:-1|19:l:false:-1:-1|20:l:true:-1:-1|21:l:false:-1:-1|22:l:true:-1:-1|22:r:false:-1:-1|23:r:true:-1:-1,24,True,chscase_vine2.txt,,,,,,,
1.0,,chscase_vine2.txt,,,,100,2,,,,,,1800.0044262550073,codt,,,,,,,"[1, 1.5, 1, [1, 38.5, [1, 21.5, [1, 10.5, [1, 2.5, [0, 1983.5, 0, 1], [1, 5.5, [1, 4.5, 0, [0, 1983.5, 0, 1]], 0]], [1, 14.5, [0, 1983.5, 1, [1, 11.5, 0, [1, 12.5, 1, [1, 13.5, 0, 1]]]], [1, 18.5, [1, 17.5, [1, 15.5, [0, 1983.5, 0, 1], [0, 1983.5, [1, 16.5, 0, 1], 0]], 0], [0, 1983.5, [1, 19.5, 0, 1], [1, 19.5, 1, 0]]]]], [1, 35.5, 0, [1, 36.5, [0, 1983.5, 0, 1], 0]]], [1, 48.5, [0, 1983.5, [1, 45.5, 0, 1], [1, 44.5, [1, 41.5, [1, 40.5, 1, 0], 1], 0]], 1]]]",65,True,chscase_vine2.txt,32.0,data/openml/sampled/chscase_vine2.txt,,16355006.0,697979.0,True,perfect-tree-found
1.0,5.0,climate-model-simulation-crashes.csv,climate-model-simulation-crashes.csv,278.0,-1.0,100,18,True,experiments/results/codt-witty-sampled/witty-cache/climate-model-simulation-crashes.txt,14.0,14;5;climate-model-simulation-crashes.csv;100;1.0;0;18;-1;1800;41099;278;false;true;4;1.00;1092005;951930;3570521;113;3238;1408;100;14;1;4;18;1782;100;0;0;500025;0;0;0;0;-1:-1:-1:1:0.581643588722|0:r:-1:3:0.0954276823853|1:r:-1:0:0.671586865597|2:r:-1:12:0.4419438341|0:l:true:-1:-1|1:l:false:-1:-1|2:l:true:-1:-1|3:r:false:-1:-1|3:l:true:-1:-1;,41099.0,11.385074965000967,witty,,"Started problem 14
Set parameter WLSAccessID
Set parameter WLSSecret
Set parameter LicenseID to value 2781812
Academic license 2781812 - for non-commercial use only - registered to tt___@tudelft.nl
Set parameter Threads to value 1
Trying max size 3
Trying max size 4
Finished problem 14
",1.0,0.0,False,1800.0,-1:-1:-1:1:0.581643588722|0:r:-1:3:0.0954276823853|1:r:-1:0:0.671586865597|2:r:-1:12:0.4419438341|0:l:true:-1:-1|1:l:false:-1:-1|2:l:true:-1:-1|3:r:false:-1:-1|3:l:true:-1:-1,4,True,climate-model-simulation-crashes.txt,,,,,,,
1.0,,climate-model-simulation-crashes.txt,,,,100,18,,,,,,38.494419599999674,codt,"[2026-06-15T18:33:26Z INFO  codt_cli] Starting solve with options:
    SolverOptions { lb_strategy: {ClassCount, OneOff, Pair, Improvement}, ub_strategy: ForRemainingInterval, cart_ub: true, cart_ub_patience: 5, cache_max_branch_budget: Some(3), data_reduction: true, track_intermediates: false, timeout: Some(1800s), memory_limit: Some(4294967296) }
    
[2026-06-15T18:33:26Z INFO  codt::search::solver_impl] One off witnesses: 0
[2026-06-15T18:33:27Z INFO  codt::search::solver_impl] Pair lower bound: (primary: 0, secondary: 3)
[2026-06-15T18:34:04Z INFO  codt::search::solver_impl] Final root bounds: lower (primary: 0, secondary: 4), upper (primary: 0, secondary: 4), best (primary: 0, secondary: 4), complete true
[2026-06-15T18:34:04Z INFO  codt::search::solver_impl] Solution cache: 149068 useful hits / 7509867 lookups (2.0%), 42461 entries
[2026-06-15T18:34:04Z INFO  codt_cli] Read time (s): 0.0002066
[2026-06-15T18:34:04Z INFO  codt_cli] Solve time (s): 38.486740292
[2026-06-15T18:34:04Z INFO  codt_cli] Max memory usage (MB): 16.72
[2026-06-15T18:34:04Z INFO  codt_cli] Graph expansions: 1062674
[2026-06-15T18:34:04Z INFO  codt_cli] Tree: [1<=0.59:1,[3<=0.10:0,[0<=0.67:1,[14<=0.23:1,0]]]]
","Set parameter WLSAccessID
Set parameter WLSSecret
Set parameter LicenseID to value 2781812
Academic license 2781812 - for non-commercial use only - registered to tt___@tudelft.nl
Misclassifications: 0. Branch nodes: 4. Accuracy: 100%.
",,,,,"[1<=0.59:1,[3<=0.10:0,[0<=0.67:1,[14<=0.23:1,0]]]]",9,True,climate-model-simulation-crashes.txt,4.0,data/openml/sampled/climate-model-simulation-crashes.txt,,1062674.0,17532190.0,True,perfect-tree-found
1.0,5.0,datatrieve.csv,datatrieve.csv,14.0,-1.0,100,8,True,experiments/results/codt-witty-sampled/witty-cache/datatrieve.txt,19.0,19;5;datatrieve.csv;100;1.0;0;8;-1;1800;30058;14;false;true;3;1.00;905;62;401;0;0;1;100;8;2;2;8;531;98;0;0;9;0;0;0;0;-1:-1:-1:1:605.0|0:l:-1:1:544.0|0:r:-1:4:95.0|1:r:true:-1:-1|2:l:false:-1:-1|1:l:false:-1:-1|2:r:true:-1:-1;,30058.0,3.490940658000909,witty,,"Started problem 19
Set parameter WLSAccessID
Set parameter WLSSecret
Set parameter LicenseID to value 2781812
Academic license 2781812 - for non-commercial use only - registered to tt___@tudelft.nl
Set parameter Threads to value 1
Trying max size 3
Finished problem 19
",1.0,0.0,False,1800.0,-1:-1:-1:1:605.0|0:l:-1:1:544.0|0:r:-1:4:95.0|1:r:true:-1:-1|2:l:false:-1:-1|1:l:false:-1:-1|2:r:true:-1:-1,3,True,datatrieve.txt,,,,,,,
1.0,,datatrieve.txt,,,,100,8,,,,,,0.021915924007771537,codt,"[2026-06-15T18:34:05Z INFO  codt_cli] Starting solve with options:
    SolverOptions { lb_strategy: {Improvement, OneOff, ClassCount, Pair}, ub_strategy: ForRemainingInterval, cart_ub: true, cart_ub_patience: 5, cache_max_branch_budget: Some(3), data_reduction: true, track_intermediates: false, timeout: Some(1800s), memory_limit: Some(4294967296) }
    
[2026-06-15T18:34:05Z INFO  codt::search::solver_impl] One off witnesses: 0
[2026-06-15T18:34:05Z INFO  codt::search::solver_impl] Pair lower bound: (primary: 0, secondary: 3)
[2026-06-15T18:34:05Z INFO  codt::search::solver_impl] Final root bounds: lower (primary: 0, secondary: 3), upper (primary: 0, secondary: 3), best (primary: 0, secondary: 3), complete true
[2026-06-15T18:34:05Z INFO  codt::search::solver_impl] Solution cache: 4 useful hits / 494 lookups (0.8%), 10 entries
[2026-06-15T18:34:05Z INFO  codt_cli] Read time (s): 0.0000667
[2026-06-15T18:34:05Z INFO  codt_cli] Solve time (s): 0.019089421
[2026-06-15T18:34:05Z INFO  codt_cli] Max memory usage (MB): 0.51
[2026-06-15T18:34:05Z INFO  codt_cli] Graph expansions: 144
[2026-06-15T18:34:05Z INFO  codt_cli] Tree: [1<=608.00:[1<=557.50:0,1],[4<=95.50:0,1]]
","Set parameter WLSAccessID
Set parameter WLSSecret
Set parameter LicenseID to value 2781812
Academic license 2781812 - for non-commercial use only - registered to tt___@tudelft.nl
Misclassifications: 0. Branch nodes: 3. Accuracy: 100%.
",,,,,"[1<=608.00:[1<=557.50:0,1],[4<=95.50:0,1]]",7,True,datatrieve.txt,3.0,data/openml/sampled/datatrieve.txt,,144.0,534773.0,True,perfect-tree-found
1.0,5.0,diggle_table_a1.csv,diggle_table_a1.csv,152.0,-1.0,48,4,True,experiments/results/codt-witty-sampled/witty-cache/diggle_table_a1.txt,21.0,21;5;diggle_table_a1.csv;48;1.0;0;4;-1;1800;901474;152;false;true;10;1.00;79014446;88410862;354509013;874;14583337;4287;48;47;2;6;4;110;48;0;0;222286956;0;0;0;0;5:r:-1:0:26.0|3:r:-1:0:11.0|1:l:-1:3:2.0|-1:-1:-1:2:4.4|3:l:-1:1:2.3|8:r:-1:1:2.9|5:l:-1:3:1.8|6:r:-1:3:2.6|1:r:-1:3:1.7|0:r:-1:3:3.4|0:l:true:-1:-1|9:l:false:-1:-1|2:l:false:-1:-1|2:r:true:-1:-1|4:l:false:-1:-1|4:r:true:-1:-1|6:l:false:-1:-1|7:l:true:-1:-1|7:r:false:-1:-1|8:l:true:-1:-1|9:r:true:-1:-1;,901474.0,871.6503140299974,witty,,"Started problem 21
Set parameter WLSAccessID
Set parameter WLSSecret
Set parameter LicenseID to value 2781812
Academic license 2781812 - for non-commercial use only - registered to tt___@tudelft.nl
Set parameter Threads to value 1
Trying max size 7
Trying max size 8
Trying max size 9
Trying max size 10
Finished problem 21
",1.0,0.0,False,1800.0,5:r:-1:0:26.0|3:r:-1:0:11.0|1:l:-1:3:2.0|-1:-1:-1:2:4.4|3:l:-1:1:2.3|8:r:-1:1:2.9|5:l:-1:3:1.8|6:r:-1:3:2.6|1:r:-1:3:1.7|0:r:-1:3:3.4|0:l:true:-1:-1|9:l:false:-1:-1|2:l:false:-1:-1|2:r:true:-1:-1|4:l:false:-1:-1|4:r:true:-1:-1|6:l:false:-1:-1|7:l:true:-1:-1|7:r:false:-1:-1|8:l:true:-1:-1|9:r:true:-1:-1,10,True,diggle_table_a1.txt,,,,,,,
1.0,,diggle_table_a1.txt,,,,48,4,,,,,,1800.0035039229988,codt,,,,,,,"[1, 2.8, [3, 2.45, [2, 4.35, 0, [3, 2.05, [0, 11.5, 0, [0, 21.5, 1, 0]], 1]], [2, 4.15, 1, 0]], [0, 26.5, 1, [0, 40.5, [2, 4.75, 1, 0], [1, 3.05, 0, 1]]]]",23,True,diggle_table_a1.txt,11.0,data/openml/sampled/diggle_table_a1.txt,,18468474.0,909205.0,True,perfect-tree-found
1.0,5.0,divorce_prediction.csv,divorce_prediction.csv,23.0,-1.0,100,54,True,experiments/results/codt-witty-sampled/witty-cache/divorce_prediction.txt,24.0,24;5;divorce_prediction.csv;100;1.0;0;54;-1;1800;30077;23;false;true;2;1.00;33;4;0;0;0;1;100;5;1;2;54;216;5;0;0;1;0;0;0;0;-1:-1:-1:2:0.0|0:r:-1:48:0.0|1:r:true:-1:-1|0:l:false:-1:-1|1:l:false:-1:-1;,30077.0,2.380635120000079,witty,,"Started problem 24
Set parameter WLSAccessID
Set parameter WLSSecret
Set parameter LicenseID to value 2781812
Academic license 2781812 - for non-commercial use only - registered to tt___@tudelft.nl
Set parameter Threads to value 1
Trying max size 2
Finished problem 24
",1.0,0.0,False,1800.0,-1:-1:-1:2:0.0|0:r:-1:48:0.0|1:r:true:-1:-1|0:l:false:-1:-1|1:l:false:-1:-1,2,True,divorce_prediction.txt,,,,,,,
1.0,,divorce_prediction.txt,,,,100,54,,,,,,0.03931734299112577,codt,"[2026-06-15T18:35:19Z INFO  codt_cli] Starting solve with options:
    SolverOptions { lb_strategy: {Improvement, OneOff, ClassCount, Pair}, ub_strategy: ForRemainingInterval, cart_ub: true, cart_ub_patience: 5, cache_max_branch_budget: Some(3), data_reduction: true, track_intermediates: false, timeout: Some(1800s), memory_limit: Some(4294967296) }
    
[2026-06-15T18:35:19Z INFO  codt::search::solver_impl] One off witnesses: 0
[2026-06-15T18:35:19Z INFO  codt::search::solver_impl] Pair lower bound: (primary: 0, secondary: 2)
[2026-06-15T18:35:19Z INFO  codt::search::solver_impl] Final root bounds: lower (primary: 0, secondary: 2), upper (primary: 0, secondary: 2), best (primary: 0, secondary: 2), complete true
[2026-06-15T18:35:19Z INFO  codt::search::solver_impl] Solution cache: 0 useful hits / 0 lookups (0.0%), 0 entries
[2026-06-15T18:35:19Z INFO  codt_cli] Read time (s): 0.0002412
[2026-06-15T18:35:19Z INFO  codt_cli] Solve time (s): 0.03600124
[2026-06-15T18:35:19Z INFO  codt_cli] Max memory usage (MB): 0.47
[2026-06-15T18:35:19Z INFO  codt_cli] Graph expansions: 0
[2026-06-15T18:35:19Z INFO  codt_cli] Tree: [39<=0.50:[10<=0.50:0,1],1]
","Set parameter WLSAccessID
Set parameter WLSSecret
Set parameter LicenseID to value 2781812
Academic license 2781812 - for non-commercial use only - registered to tt___@tudelft.nl
Misclassifications: 0. Branch nodes: 2. Accuracy: 100%.
",,,,,"[39<=0.50:[10<=0.50:0,1],1]",5,True,divorce_prediction.txt,2.0,data/openml/sampled/divorce_prediction.txt,,0.0,492830.0,True,perfect-tree-found
1.0,5.0,german-credit-data-creditability-2.csv,german-credit-data-creditability-2.csv,150.0,-1.0,100,20,True,experiments/results/codt-witty-sampled/witty-cache/german-credit-data-creditability-2.txt,25.0,25;5;german-credit-data-creditability-2.csv;100;1.0;0;20;-1;1800;31350;150;false;true;5;1.00;99052;70128;151749;247;5982;3067;100;18;1;4;18;198;100;0;0;75988;0;0;0;0;-1:-1:-1:10:3.0|0:l:-1:3:2.0|1:l:-1:12:23.0|1:r:-1:12:29.0|3:r:-1:12:33.0|0:r:true:-1:-1|2:l:false:-1:-1|3:l:true:-1:-1|2:r:true:-1:-1|4:l:false:-1:-1|4:r:true:-1:-1;,31350.0,1.5475720080030442,witty,,"Started problem 25
Set parameter WLSAccessID
Set parameter WLSSecret
Set parameter LicenseID to value 2781812
Academic license 2781812 - for non-commercial use only - registered to tt___@tudelft.nl
Set parameter Threads to value 1
Trying max size 4
Trying max size 5
Finished problem 25
",1.0,0.0,False,1800.0,-1:-1:-1:10:3.0|0:l:-1:3:2.0|1:l:-1:12:23.0|1:r:-1:12:29.0|3:r:-1:12:33.0|0:r:true:-1:-1|2:l:false:-1:-1|3:l:true:-1:-1|2:r:true:-1:-1|4:l:false:-1:-1|4:r:true:-1:-1,5,True,german-credit-data-creditability-2.txt,,,,,,,
1.0,,german-credit-data-creditability-2.txt,,,,100,20,,,,,,1800.0159359779936,codt,,,,,,,"[12, 28.5, [4, 1403.0, [3, 0.5, 0, 1], 1], [3, 3.5, 1, [10, 2.5, [1, 39.0, 0, 1], 1]]]",13,True,german-credit-data-creditability-2.txt,6.0,data/openml/sampled/german-credit-data-creditability-2.txt,,11189711.0,1971331.0,True,perfect-tree-found
1.0,5.0,german-credit-data-creditability.csv,german-credit-data-creditability.csv,149.0,-1.0,100,71,True,experiments/results/codt-witty-sampled/witty-cache/german-credit-data-creditability.txt,26.0,26;5;german-credit-data-creditability.csv;100;1.0;0;71;-1;1800;32496;149;false;true;5;1.00;132260;40381;110836;87;6673;1311;100;17;2;4;33;215;100;0;0;43485;0;0;0;0;-1:-1:-1:12:0.0|0:r:-1:2:26.0|0:l:-1:2:29.0|2:r:-1:2:30.0|3:r:-1:17:0.0|2:l:true:-1:-1|1:l:false:-1:-1|1:r:true:-1:-1|3:l:false:-1:-1|4:l:true:-1:-1|4:r:false:-1:-1;,32496.0,2.7469598419993417,witty,,"Started problem 26
Set parameter WLSAccessID
Set parameter WLSSecret
Set parameter LicenseID to value 2781812
Academic license 2781812 - for non-commercial use only - registered to tt___@tudelft.nl
Set parameter Threads to value 1
Trying max size 4
Trying max size 5
Finished problem 26
",1.0,0.0,False,1800.0,-1:-1:-1:12:0.0|0:r:-1:2:26.0|0:l:-1:2:29.0|2:r:-1:2:30.0|3:r:-1:17:0.0|2:l:true:-1:-1|1:l:false:-1:-1|1:r:true:-1:-1|3:l:false:-1:-1|4:l:true:-1:-1|4:r:false:-1:-1,5,True,german-credit-data-creditability.txt,,,,,,,
1.0,,german-credit-data-creditability.txt,,,,100,71,,,,,,1801.2575299869932,codt,,,,,,,"[64, 0.5, [2, 33.5, [18, 0.5, [2, 32.5, [1, 1220.0, [12, 0.5, 1, 0], 1], [62, 0.5, 1, 0]], 0], 1], [29, 0.5, 1, 0]]",17,True,german-credit-data-creditability.txt,8.0,data/openml/sampled/german-credit-data-creditability.txt,,5720502.0,4164763.0,True,perfect-tree-found
1.0,5.0,hutsof99_child_witness.csv,hutsof99_child_witness.csv,150.0,-1.0,42,15,True,experiments/results/codt-witty-sampled/witty-cache/hutsof99_child_witness.txt,29.0,29;5;hutsof99_child_witness.csv;42;1.0;0;15;-1;1800;62397;150;false;true;6;1.00;3822521;3449475;2977919;187;48623;1084;42;22;2;4;15;296;39;0;0;1402150;0;0;0;0;3:r:-1:4:3.7|0:l:-1:9:2.5|1:l:-1:11:2.6|-1:-1:-1:6:2.3|3:l:-1:6:2.1|1:r:-1:12:1.8|0:r:true:-1:-1|5:r:false:-1:-1|2:l:true:-1:-1|2:r:false:-1:-1|4:r:false:-1:-1|4:l:true:-1:-1|5:l:true:-1:-1;,62397.0,32.59313583800031,witty,,"Started problem 29
Set parameter WLSAccessID
Set parameter WLSSecret
Set parameter LicenseID to value 2781812
Academic license 2781812 - for non-commercial use only - registered to tt___@tudelft.nl
Set parameter Threads to value 1
Trying max size 4
Trying max size 5
Trying max size 6
Finished problem 29
",1.0,0.0,False,1800.0,3:r:-1:4:3.7|0:l:-1:9:2.5|1:l:-1:11:2.6|-1:-1:-1:6:2.3|3:l:-1:6:2.1|1:r:-1:12:1.8|0:r:true:-1:-1|5:r:false:-1:-1|2:l:true:-1:-1|2:r:false:-1:-1|4:r:false:-1:-1|4:l:true:-1:-1|5:l:true:-1:-1,6,True,hutsof99_child_witness.txt,,,,,,,
1.0,,hutsof99_child_witness.txt,,,,42,15,,,,,,1800.018760053994,codt,,,,,,,"[12, 1.55, [5, 4.550000000000001, 1, 0], [11, 2.55, [9, 2.55, 1, [2, 1.75, 1, 0]], [4, 3.75, 0, 1]]]",13,True,hutsof99_child_witness.txt,6.0,data/openml/sampled/hutsof99_child_witness.txt,,10407238.0,2081865.0,True,perfect-tree-found
1.0,5.0,iris.csv,iris.csv,10.0,-1.0,100,4,True,experiments/results/codt-witty-sampled/witty-cache/iris.txt,32.0,32;5;iris.csv;100;1.0;0;4;-1;1800;30025;10;false;true;1;1.00;4;0;0;0;0;1;100;2;1;1;4;90;28;0;0;0;0;0;0;0;-1:-1:-1:3:0.6|0:l:true:-1:-1|0:r:false:-1:-1;,30025.0,0.19440622099500615,witty,,"Started problem 32
Set parameter WLSAccessID
Set parameter WLSSecret
Set parameter LicenseID to value 2781812
Academic license 2781812 - for non-commercial use only - registered to tt___@tudelft.nl
Set parameter Threads to value 1
Trying max size 1
Finished problem 32
",1.0,0.0,False,1800.0,-1:-1:-1:3:0.6|0:l:true:-1:-1|0:r:false:-1:-1,1,True,iris.txt,,,,,,,
1.0,,iris.txt,,,,100,4,,,,,,0.009210210002493113,codt,"[2026-06-15T18:35:48Z INFO  codt_cli] Starting solve with options:
    SolverOptions { lb_strategy: {OneOff, Pair, ClassCount, Improvement}, ub_strategy: ForRemainingInterval, cart_ub: true, cart_ub_patience: 5, cache_max_branch_budget: Some(3), data_reduction: true, track_intermediates: false, timeout: Some(1800s), memory_limit: Some(4294967296) }
    
[2026-06-15T18:35:48Z INFO  codt::search::solver_impl] One off witnesses: 0
[2026-06-15T18:35:48Z INFO  codt::search::solver_impl] Pair lower bound: (primary: 0, secondary: 1)
[2026-06-15T18:35:48Z INFO  codt::search::solver_impl] Final root bounds: lower (primary: 0, secondary: 1), upper (primary: 0, secondary: 1), best (primary: 0, secondary: 1), complete true
[2026-06-15T18:35:48Z INFO  codt::search::solver_impl] Solution cache: 0 useful hits / 0 lookups (0.0%), 0 entries
[2026-06-15T18:35:48Z INFO  codt_cli] Read time (s): 0.00004
[2026-06-15T18:35:48Z INFO  codt_cli] Solve time (s): 0.006557008
[2026-06-15T18:35:48Z INFO  codt_cli] Max memory usage (MB): 0.08
[2026-06-15T18:35:48Z INFO  codt_cli] Graph expansions: 0
[2026-06-15T18:35:48Z INFO  codt_cli] Tree: [3<=0.80:1,0]
","Set parameter WLSAccessID
Set parameter WLSSecret
Set parameter LicenseID to value 2781812
Academic license 2781812 - for non-commercial use only - registered to tt___@tudelft.nl
Misclassifications: 0. Branch nodes: 1. Accuracy: 100%.
",,,,,"[3<=0.80:1,0]",3,True,iris.txt,1.0,data/openml/sampled/iris.txt,,0.0,83886.0,True,perfect-tree-found
1.0,5.0,kc1-top5.csv,kc1-top5.csv,165.0,-1.0,100,94,True,experiments/results/codt-witty-sampled/witty-cache/kc1-top5.txt,35.0,35;5;kc1-top5.csv;100;1.0;0;94;-1;1800;34188;165;false;true;3;1.00;849166;30619;691808;56;2513;564;100;9;1;3;85;4620;97;0;0;60158;0;0;0;0;2:r:-1:91:551.0|0:l:-1:48:128.0|-1:-1:-1:45:1363.97|1:r:true:-1:-1|0:r:false:-1:-1|1:l:false:-1:-1|2:l:true:-1:-1;,34188.0,4.59307004600123,witty,,"Started problem 35
Set parameter WLSAccessID
Set parameter WLSSecret
Set parameter LicenseID to value 2781812
Academic license 2781812 - for non-commercial use only - registered to tt___@tudelft.nl
Set parameter Threads to value 1
Trying max size 3
Finished problem 35
",1.0,0.0,False,1800.0,2:r:-1:91:551.0|0:l:-1:48:128.0|-1:-1:-1:45:1363.97|1:r:true:-1:-1|0:r:false:-1:-1|1:l:false:-1:-1|2:l:true:-1:-1,3,True,kc1-top5.txt,,,,,,,
1.0,,kc1-top5.txt,,,,100,94,,,,,,61.515456814013305,codt,"[2026-06-15T18:35:48Z INFO  codt_cli] Starting solve with options:
    SolverOptions { lb_strategy: {Pair, ClassCount, Improvement, OneOff}, ub_strategy: ForRemainingInterval, cart_ub: true, cart_ub_patience: 5, cache_max_branch_budget: Some(3), data_reduction: true, track_intermediates: false, timeout: Some(1800s), memory_limit: Some(4294967296) }
    
[2026-06-15T18:35:49Z INFO  codt::search::solver_impl] One off witnesses: 0
[2026-06-15T18:35:49Z INFO  codt::search::solver_impl] Pair lower bound: (primary: 0, secondary: 3)
[2026-06-15T18:36:50Z INFO  codt::search::solver_impl] Final root bounds: lower (primary: 0, secondary: 3), upper (primary: 0, secondary: 3), best (primary: 0, secondary: 3), complete true
[2026-06-15T18:36:50Z INFO  codt::search::solver_impl] Solution cache: 121208 useful hits / 3965537 lookups (3.1%), 9783 entries
[2026-06-15T18:36:50Z INFO  codt_cli] Read time (s): 0.000617301
[2026-06-15T18:36:50Z INFO  codt_cli] Solve time (s): 61.506208404
[2026-06-15T18:36:50Z INFO  codt_cli] Max memory usage (MB): 11.72
[2026-06-15T18:36:50Z INFO  codt_cli] Graph expansions: 598463
[2026-06-15T18:36:50Z INFO  codt_cli] Tree: [45<=1370.45:1,[91<=609.50:[48<=129.00:0,1],0]]
","Set parameter WLSAccessID
Set parameter WLSSecret
Set parameter LicenseID to value 2781812
Academic license 2781812 - for non-commercial use only - registered to tt___@tudelft.nl
Misclassifications: 0. Branch nodes: 3. Accuracy: 100%.
",,,,,"[45<=1370.45:1,[91<=609.50:[48<=129.00:0,1],0]]",7,True,kc1-top5.txt,3.0,data/openml/sampled/kc1-top5.txt,,598463.0,12289310.0,True,perfect-tree-found
1.0,5.0,kc2.csv,kc2.csv,9.0,-1.0,100,21,True,experiments/results/codt-witty-sampled/witty-cache/kc2.txt,36.0,36;5;kc2.csv;100;1.0;0;21;-1;1800;30088;9;false;true;2;1.00;409;0;2;0;0;1;100;5;1;2;21;780;76;0;0;1;0;0;0;0;-1:-1:-1:0:1.0|0:r:-1:19:111.0|0:l:true:-1:-1|1:l:false:-1:-1|1:r:true:-1:-1;,30088.0,0.32910002899734536,witty,,"Started problem 36
Set parameter WLSAccessID
Set parameter WLSSecret
Set parameter LicenseID to value 2781812
Academic license 2781812 - for non-commercial use only - registered to tt___@tudelft.nl
Set parameter Threads to value 1
Trying max size 2
Finished problem 36
",1.0,0.0,False,1800.0,-1:-1:-1:0:1.0|0:r:-1:19:111.0|0:l:true:-1:-1|1:l:false:-1:-1|1:r:true:-1:-1,2,True,kc2.txt,,,,,,,
1.0,,kc2.txt,,,,100,21,,,,,,0.09341260300425347,codt,"[2026-06-15T18:36:50Z INFO  codt_cli] Starting solve with options:
    SolverOptions { lb_strategy: {Improvement, ClassCount, OneOff, Pair}, ub_strategy: ForRemainingInterval, cart_ub: true, cart_ub_patience: 5, cache_max_branch_budget: Some(3), data_reduction: true, track_intermediates: false, timeout: Some(1800s), memory_limit: Some(4294967296) }
    
[2026-06-15T18:36:50Z INFO  codt::search::solver_impl] One off witnesses: 0
[2026-06-15T18:36:50Z INFO  codt::search::solver_impl] Pair lower bound: (primary: 0, secondary: 2)
[2026-06-15T18:36:50Z INFO  codt::search::solver_impl] Final root bounds: lower (primary: 0, secondary: 2), upper (primary: 0, secondary: 2), best (primary: 0, secondary: 2), complete true
[2026-06-15T18:36:50Z INFO  codt::search::solver_impl] Solution cache: 0 useful hits / 0 lookups (0.0%), 0 entries
[2026-06-15T18:36:50Z INFO  codt_cli] Read time (s): 0.0001578
[2026-06-15T18:36:50Z INFO  codt_cli] Solve time (s): 0.091221001
[2026-06-15T18:36:50Z INFO  codt_cli] Max memory usage (MB): 0.41
[2026-06-15T18:36:50Z INFO  codt_cli] Graph expansions: 0
[2026-06-15T18:36:50Z INFO  codt_cli] Tree: [19<=143.50:[0<=1.05:1,0],1]
","Set parameter WLSAccessID
Set parameter WLSSecret
Set parameter LicenseID to value 2781812
Academic license 2781812 - for non-commercial use only - registered to tt___@tudelft.nl
Misclassifications: 0. Branch nodes: 2. Accuracy: 100%.
",,,,,"[19<=143.50:[0<=1.05:1,0],1]",5,True,kc2.txt,2.0,data/openml/sampled/kc2.txt,,0.0,429916.0,True,perfect-tree-found
1.0,5.0,kc3.csv,kc3.csv,149.0,-1.0,100,39,True,experiments/results/codt-witty-sampled/witty-cache/kc3.txt,37.0,37;5;kc3.csv;100;1.0;0;39;-1;1800;38342;149;false;true;6;1.00;892678;317821;1665224;475;101367;3869;100;25;1;5;39;1131;76;0;0;854584;0;0;0;0;-1:-1:-1:2:3.0|3:r:-1:7:0.19|1:l:-1:31:0.12|5:l:-1:18:0.79|3:l:-1:19:35.69|0:r:-1:14:0.38|2:r:true:-1:-1|0:l:false:-1:-1|1:r:false:-1:-1|2:l:false:-1:-1|4:r:false:-1:-1|4:l:true:-1:-1|5:r:false:-1:-1;,38342.0,8.60083534399746,witty,,"Started problem 37
Set parameter WLSAccessID
Set parameter WLSSecret
Set parameter LicenseID to value 2781812
Academic license 2781812 - for non-commercial use only - registered to tt___@tudelft.nl
Set parameter Threads to value 1
Trying max size 4
Trying max size 5
Trying max size 6
Finished problem 37
",1.0,0.0,False,1800.0,-1:-1:-1:2:3.0|3:r:-1:7:0.19|1:l:-1:31:0.12|5:l:-1:18:0.79|3:l:-1:19:35.69|0:r:-1:14:0.38|2:r:true:-1:-1|0:l:false:-1:-1|1:r:false:-1:-1|2:l:false:-1:-1|4:r:false:-1:-1|4:l:true:-1:-1|5:r:false:-1:-1,6,True,kc3.txt,,,,,,,
1.0,,kc3.txt,,,,100,39,,,,,,1801.4237966910005,codt,,,,,,,"[32, 45.0, [19, 32.775000000000006, [19, 29.93, 0, 1], 0], [18, 0.77, 0, [18, 0.815, 1, [34, 99.5, 0, 1]]]]",13,True,kc3.txt,6.0,data/openml/sampled/kc3.txt,,5920739.0,3852969.0,True,perfect-tree-found
1.0,5.0,oil_spill.csv,oil_spill.csv,71.0,-1.0,100,49,True,experiments/results/codt-witty-sampled/witty-cache/oil_spill.txt,41.0,41;5;oil_spill.csv;100;1.0;0;49;-1;1800;30473;71;false;true;3;1.00;6131;575;19456;2;1;42;100;9;1;3;47;2626;100;0;0;7752;0;0;0;0;-1:-1:-1:2:902.43|0:r:-1:46:15763.52|1:r:-1:37:17.92|2:r:true:-1:-1|0:l:false:-1:-1|1:l:false:-1:-1|2:l:false:-1:-1;,30473.0,1.0496395390000544,witty,,"Started problem 41
Set parameter WLSAccessID
Set parameter WLSSecret
Set parameter LicenseID to value 2781812
Academic license 2781812 - for non-commercial use only - registered to tt___@tudelft.nl
Set parameter Threads to value 1
Trying max size 3
Finished problem 41
",1.0,0.0,False,1800.0,-1:-1:-1:2:902.43|0:r:-1:46:15763.52|1:r:-1:37:17.92|2:r:true:-1:-1|0:l:false:-1:-1|1:l:false:-1:-1|2:l:false:-1:-1,3,True,oil_spill.txt,,,,,,,
1.0,,oil_spill.txt,,,,100,49,,,,,,0.3973210399999516,codt,"[2026-06-15T18:37:52Z INFO  codt_cli] Starting solve with options:
    SolverOptions { lb_strategy: {Improvement, Pair, ClassCount, OneOff}, ub_strategy: ForRemainingInterval, cart_ub: true, cart_ub_patience: 5, cache_max_branch_budget: Some(3), data_reduction: true, track_intermediates: false, timeout: Some(1800s), memory_limit: Some(4294967296) }
    
[2026-06-15T18:37:52Z INFO  codt::search::solver_impl] One off witnesses: 0
[2026-06-15T18:37:52Z INFO  codt::search::solver_impl] Pair lower bound: (primary: 0, secondary: 3)
[2026-06-15T18:37:52Z INFO  codt::search::solver_impl] Final root bounds: lower (primary: 0, secondary: 3), upper (primary: 0, secondary: 3), best (primary: 0, secondary: 3), complete true
[2026-06-15T18:37:52Z INFO  codt::search::solver_impl] Solution cache: 0 useful hits / 1 lookups (0.0%), 0 entries
[2026-06-15T18:37:52Z INFO  codt_cli] Read time (s): 0.000387
[2026-06-15T18:37:52Z INFO  codt_cli] Solve time (s): 0.390880033
[2026-06-15T18:37:52Z INFO  codt_cli] Max memory usage (MB): 2.02
[2026-06-15T18:37:52Z INFO  codt_cli] Graph expansions: 0
[2026-06-15T18:37:52Z INFO  codt_cli] Tree: [3<=673.10:[20<=0.17:0,1],[29<=-3.52:1,0]]
","Set parameter WLSAccessID
Set parameter WLSSecret
Set parameter LicenseID to value 2781812
Academic license 2781812 - for non-commercial use only - registered to tt___@tudelft.nl
Misclassifications: 0. Branch nodes: 3. Accuracy: 100%.
",,,,,"[3<=673.10:[20<=0.17:0,1],[29<=-3.52:1,0]]",7,True,oil_spill.txt,3.0,data/openml/sampled/oil_spill.txt,,0.0,2118123.0,True,perfect-tree-found
1.0,5.0,parkinsons.csv,parkinsons.csv,73.0,-1.0,100,22,True,experiments/results/codt-witty-sampled/witty-cache/parkinsons.txt,42.0,42;5;parkinsons.csv;100;1.0;0;22;-1;1800;30409;73;false;true;3;1.00;153;7;148;0;0;1;100;9;1;3;22;2026;100;0;0;2;0;0;0;0;-1:-1:-1:0:187.733|0:l:-1:0:129.336|1:l:-1:18:-6.439398|1:r:true:-1:-1|0:r:false:-1:-1|2:l:false:-1:-1|2:r:true:-1:-1;,30409.0,0.668706595999538,witty,,"Started problem 42
Set parameter WLSAccessID
Set parameter WLSSecret
Set parameter LicenseID to value 2781812
Academic license 2781812 - for non-commercial use only - registered to tt___@tudelft.nl
Set parameter Threads to value 1
Trying max size 3
Finished problem 42
",1.0,0.0,False,1800.0,-1:-1:-1:0:187.733|0:l:-1:0:129.336|1:l:-1:18:-6.439398|1:r:true:-1:-1|0:r:false:-1:-1|2:l:false:-1:-1|2:r:true:-1:-1,3,True,parkinsons.txt,,,,,,,
1.0,,parkinsons.txt,,,,100,22,,,,,,0.3940049360098783,codt,"[2026-06-15T18:37:52Z INFO  codt_cli] Starting solve with options:
    SolverOptions { lb_strategy: {OneOff, Improvement, Pair, ClassCount}, ub_strategy: ForRemainingInterval, cart_ub: true, cart_ub_patience: 5, cache_max_branch_budget: Some(3), data_reduction: true, track_intermediates: false, timeout: Some(1800s), memory_limit: Some(4294967296) }
    
[2026-06-15T18:37:52Z INFO  codt::search::solver_impl] One off witnesses: 0
[2026-06-15T18:37:52Z INFO  codt::search::solver_impl] Pair lower bound: (primary: 0, secondary: 3)
[2026-06-15T18:37:52Z INFO  codt::search::solver_impl] Final root bounds: lower (primary: 0, secondary: 3), upper (primary: 0, secondary: 3), best (primary: 0, secondary: 3), complete true
[2026-06-15T18:37:52Z INFO  codt::search::solver_impl] Solution cache: 58 useful hits / 9346 lookups (0.6%), 105 entries
[2026-06-15T18:37:52Z INFO  codt_cli] Read time (s): 0.0002167
[2026-06-15T18:37:52Z INFO  codt_cli] Solve time (s): 0.383519625
[2026-06-15T18:37:52Z INFO  codt_cli] Max memory usage (MB): 3.25
[2026-06-15T18:37:52Z INFO  codt_cli] Graph expansions: 1773
[2026-06-15T18:37:52Z INFO  codt_cli] Tree: [3<=0.00:[0<=192.40:1,0],[6<=0.00:0,1]]
","Set parameter WLSAccessID
Set parameter WLSSecret
Set parameter LicenseID to value 2781812
Academic license 2781812 - for non-commercial use only - registered to tt___@tudelft.nl
Misclassifications: 0. Branch nodes: 3. Accuracy: 100%.
",,,,,"[3<=0.00:[0<=192.40:1,0],[6<=0.00:0,1]]",7,True,parkinsons.txt,3.0,data/openml/sampled/parkinsons.txt,,1773.0,3407872.0,True,perfect-tree-found
1.0,5.0,pc1.csv,pc1.csv,169.0,-1.0,100,21,True,experiments/results/codt-witty-sampled/witty-cache/pc1.txt,43.0,43;5;pc1.csv;100;1.0;0;21;-1;1800;293264;169;false;true;6;1.00;19817077;12852005;78649400;616;1781249;4482;100;20;2;3;21;1045;81;0;0;37234202;0;0;0;0;1:r:-1:13:1.0|3:l:-1:6:0.08|1:l:-1:13:2.0|-1:-1:-1:8:32.35|3:r:-1:16:29.0|4:r:-1:7:44.27|0:l:true:-1:-1|0:r:false:-1:-1|2:l:false:-1:-1|2:r:true:-1:-1|4:l:true:-1:-1|5:l:false:-1:-1|5:r:true:-1:-1;,293264.0,263.5150422719962,witty,,"Started problem 43
Set parameter WLSAccessID
Set parameter WLSSecret
Set parameter LicenseID to value 2781812
Academic license 2781812 - for non-commercial use only - registered to tt___@tudelft.nl
Set parameter Threads to value 1
Trying max size 5
Trying max size 6
Finished problem 43
",1.0,0.0,False,1800.0,1:r:-1:13:1.0|3:l:-1:6:0.08|1:l:-1:13:2.0|-1:-1:-1:8:32.35|3:r:-1:16:29.0|4:r:-1:7:44.27|0:l:true:-1:-1|0:r:false:-1:-1|2:l:false:-1:-1|2:r:true:-1:-1|4:l:true:-1:-1|5:l:false:-1:-1|5:r:true:-1:-1,6,True,pc1.txt,,,,,,,
1.0,,pc1.txt,,,,100,21,,,,,,1800.85850812,codt,,,,,,,"[8, 43.855000000000004, [8, 32.120000000000005, [6, 0.08499999999999999, [13, 2.5, 0, 1], [13, 1.5, 1, 0]], 1], [7, 22.865000000000002, 1, [7, 29.744999999999997, 1, [19, 197.0, [16, 28.5, 1, 0], 1]]]]",19,True,pc1.txt,9.0,data/openml/sampled/pc1.txt,,6065521.0,3748617.0,True,perfect-tree-found
1.0,5.0,piechart2.csv,piechart2.csv,17.0,-1.0,100,36,True,experiments/results/codt-witty-sampled/witty-cache/piechart2.txt,44.0,44;5;piechart2.csv;100;1.0;0;36;-1;1800;30061;17;false;true;3;1.00;36;14;49;1;0;14;100;9;1;3;36;1176;98;0;0;65;0;0;0;0;-1:-1:-1:1:2.0|0:r:-1:14:2.0|1:l:-1:22:238.98|2:r:true:-1:-1|0:l:false:-1:-1|1:r:false:-1:-1|2:l:false:-1:-1;,30061.0,0.6434485339996172,witty,,"Started problem 44
Set parameter WLSAccessID
Set parameter WLSSecret
Set parameter LicenseID to value 2781812
Academic license 2781812 - for non-commercial use only - registered to tt___@tudelft.nl
Set parameter Threads to value 1
Trying max size 3
Finished problem 44
",1.0,0.0,False,1800.0,-1:-1:-1:1:2.0|0:r:-1:14:2.0|1:l:-1:22:238.98|2:r:true:-1:-1|0:l:false:-1:-1|1:r:false:-1:-1|2:l:false:-1:-1,3,True,piechart2.txt,,,,,,,
1.0,,piechart2.txt,,,,100,36,,,,,,0.5631914209952811,codt,"[2026-06-15T18:38:01Z INFO  codt_cli] Starting solve with options:
    SolverOptions { lb_strategy: {ClassCount, Pair, Improvement, OneOff}, ub_strategy: ForRemainingInterval, cart_ub: true, cart_ub_patience: 5, cache_max_branch_budget: Some(3), data_reduction: true, track_intermediates: false, timeout: Some(1800s), memory_limit: Some(4294967296) }
    
[2026-06-15T18:38:01Z INFO  codt::search::solver_impl] One off witnesses: 0
[2026-06-15T18:38:01Z INFO  codt::search::solver_impl] Pair lower bound: (primary: 0, secondary: 3)
[2026-06-15T18:38:01Z INFO  codt::search::solver_impl] Final root bounds: lower (primary: 0, secondary: 3), upper (primary: 0, secondary: 3), best (primary: 0, secondary: 3), complete true
[2026-06-15T18:38:01Z INFO  codt::search::solver_impl] Solution cache: 156 useful hits / 6843 lookups (2.3%), 64 entries
[2026-06-15T18:38:01Z INFO  codt_cli] Read time (s): 0.0002502
[2026-06-15T18:38:01Z INFO  codt_cli] Solve time (s): 0.559454417
[2026-06-15T18:38:01Z INFO  codt_cli] Max memory usage (MB): 1.75
[2026-06-15T18:38:01Z INFO  codt_cli] Graph expansions: 1712
[2026-06-15T18:38:01Z INFO  codt_cli] Tree: [14<=2.50:[20<=70.00:0,[1<=2.50:0,1]],0]
","Set parameter WLSAccessID
Set parameter WLSSecret
Set parameter LicenseID to value 2781812
Academic license 2781812 - for non-commercial use only - registered to tt___@tudelft.nl
Misclassifications: 0. Branch nodes: 3. Accuracy: 100%.
",,,,,"[14<=2.50:[20<=70.00:0,[1<=2.50:0,1]],0]",7,True,piechart2.txt,3.0,data/openml/sampled/piechart2.txt,,1712.0,1835008.0,True,perfect-tree-found
1.0,5.0,pyrim.csv,pyrim.csv,136.0,-1.0,74,27,True,experiments/results/codt-witty-sampled/witty-cache/pyrim.txt,46.0,46;5;pyrim.csv;74;1.0;0;27;-1;1800;31284;136;false;true;7;1.00;46782;32313;40289;35;5007;322;74;35;1;7;22;80;8;0;0;70670;0;0;0;0;-1:-1:-1:18:0.1|0:r:-1:7:0.633|4:l:-1:26:0.1|2:l:-1:10:0.1|1:l:-1:5:0.5|3:r:-1:1:0.1|5:r:-1:0:0.7|3:l:true:-1:-1|0:l:false:-1:-1|1:r:false:-1:-1|2:r:false:-1:-1|6:l:false:-1:-1|4:r:true:-1:-1|5:l:true:-1:-1|6:r:true:-1:-1;,31284.0,1.5186423839986674,witty,,"Started problem 46
Set parameter WLSAccessID
Set parameter WLSSecret
Set parameter LicenseID to value 2781812
Academic license 2781812 - for non-commercial use only - registered to tt___@tudelft.nl
Set parameter Threads to value 1
Trying max size 7
Finished problem 46
",1.0,0.0,False,1800.0,-1:-1:-1:18:0.1|0:r:-1:7:0.633|4:l:-1:26:0.1|2:l:-1:10:0.1|1:l:-1:5:0.5|3:r:-1:1:0.1|5:r:-1:0:0.7|3:l:true:-1:-1|0:l:false:-1:-1|1:r:false:-1:-1|2:r:false:-1:-1|6:l:false:-1:-1|4:r:true:-1:-1|5:l:true:-1:-1|6:r:true:-1:-1,7,True,pyrim.txt,,,,,,,
1.0,,pyrim.txt,,,,74,27,,,,,,1800.076423696999,codt,,,,,,,"[1, 0.18, 1, [10, 0.18, [19, 0.5, [5, 0.3, 1, [18, 0.23349999999999999, 0, [7, 0.7665, 1, 0]]], [5, 0.3, 1, 0]], [6, 0.7, [3, 0.3, 0, 1], 1]]]",19,True,pyrim.txt,9.0,data/openml/sampled/pyrim.txt,,9245165.0,2319987.0,True,perfect-tree-found
1.0,5.0,rabe_266.csv,rabe_266.csv,10.0,-1.0,100,2,True,experiments/results/codt-witty-sampled/witty-cache/rabe_266.txt,48.0,48;5;rabe_266.csv;100;1.0;0;2;-1;1800;30036;10;false;true;9;1.00;10;2;0;0;0;1;100;54;1;9;2;19;12;0;0;43;0;0;0;0;-1:-1:-1:0:-50.0|0:r:-1:1:5.0|1:r:-1:0:-30.0|2:r:-1:1:10.0|3:r:-1:0:-20.0|4:r:-1:1:15.0|5:r:-1:0:-10.0|6:r:-1:1:30.0|7:r:-1:0:0.0|0:l:true:-1:-1|1:l:false:-1:-1|2:l:true:-1:-1|3:l:false:-1:-1|4:l:true:-1:-1|5:l:false:-1:-1|6:l:true:-1:-1|7:l:false:-1:-1|8:l:true:-1:-1|8:r:false:-1:-1;,30036.0,0.2408597280009417,witty,,"Started problem 48
Set parameter WLSAccessID
Set parameter WLSSecret
Set parameter LicenseID to value 2781812
Academic license 2781812 - for non-commercial use only - registered to tt___@tudelft.nl
Set parameter Threads to value 1
Trying max size 9
Finished problem 48
",1.0,0.0,False,1800.0,-1:-1:-1:0:-50.0|0:r:-1:1:5.0|1:r:-1:0:-30.0|2:r:-1:1:10.0|3:r:-1:0:-20.0|4:r:-1:1:15.0|5:r:-1:0:-10.0|6:r:-1:1:30.0|7:r:-1:0:0.0|0:l:true:-1:-1|1:l:false:-1:-1|2:l:true:-1:-1|3:l:false:-1:-1|4:l:true:-1:-1|5:l:false:-1:-1|6:l:true:-1:-1|7:l:false:-1:-1|8:l:true:-1:-1|8:r:false:-1:-1,9,True,rabe_266.txt,,,,,,,
1.0,,rabe_266.txt,,,,100,2,,,,,,0.007018008007435128,codt,"[2026-06-15T18:38:09Z INFO  codt_cli] Starting solve with options:
    SolverOptions { lb_strategy: {Improvement, Pair, ClassCount, OneOff}, ub_strategy: ForRemainingInterval, cart_ub: true, cart_ub_patience: 5, cache_max_branch_budget: Some(3), data_reduction: true, track_intermediates: false, timeout: Some(1800s), memory_limit: Some(4294967296) }
    
[2026-06-15T18:38:09Z INFO  codt::search::solver_impl] One off witnesses: 2
[2026-06-15T18:38:09Z INFO  codt::search::solver_impl] Pair lower bound: (primary: 0, secondary: 9)
[2026-06-15T18:38:09Z INFO  codt::search::solver_impl] Final root bounds: lower (primary: 0, secondary: 9), upper (primary: 0, secondary: 9), best (primary: 0, secondary: 9), complete true
[2026-06-15T18:38:09Z INFO  codt::search::solver_impl] Solution cache: 0 useful hits / 0 lookups (0.0%), 0 entries
[2026-06-15T18:38:09Z INFO  codt_cli] Read time (s): 0.000029
[2026-06-15T18:38:09Z INFO  codt_cli] Solve time (s): 0.004213405
[2026-06-15T18:38:09Z INFO  codt_cli] Max memory usage (MB): 0.06
[2026-06-15T18:38:09Z INFO  codt_cli] Graph expansions: 0
[2026-06-15T18:38:09Z INFO  codt_cli] Tree: [0<=-5.00:[1<=12.50:[0<=-25.00:[1<=7.50:[0<=-45.00:1,0],1],0],[1<=17.50:[0<=-15.00:1,0],1]],[1<=32.50:0,[0<=5.00:1,0]]]
","Set parameter WLSAccessID
Set parameter WLSSecret
Set parameter LicenseID to value 2781812
Academic license 2781812 - for non-commercial use only - registered to tt___@tudelft.nl
Misclassifications: 0. Branch nodes: 9. Accuracy: 100%.
",,,,,"[0<=-5.00:[1<=12.50:[0<=-25.00:[1<=7.50:[0<=-45.00:1,0],1],0],[1<=17.50:[0<=-15.00:1,0],1]],[1<=32.50:0,[0<=5.00:1,0]]]",19,True,rabe_266.txt,9.0,data/openml/sampled/rabe_266.txt,,0.0,62914.0,True,perfect-tree-found
1.0,5.0,sonar.csv,sonar.csv,30.0,-1.0,100,60,True,experiments/results/codt-witty-sampled/witty-cache/sonar.txt,50.0,50;5;sonar.csv;100;1.0;0;60;-1;1800;30215;30;false;true;2;1.00;497;82;1359;1;0;25;100;5;1;2;60;5585;100;0;0;367;0;0;0;0;-1:-1:-1:3:0.0774|0:r:-1:20:0.3264|0:l:true:-1:-1|1:l:false:-1:-1|1:r:true:-1:-1;,30215.0,0.6614305740004056,witty,,"Started problem 50
Set parameter WLSAccessID
Set parameter WLSSecret
Set parameter LicenseID to value 2781812
Academic license 2781812 - for non-commercial use only - registered to tt___@tudelft.nl
Set parameter Threads to value 1
Trying max size 2
Finished problem 50
",1.0,0.0,False,1800.0,-1:-1:-1:3:0.0774|0:r:-1:20:0.3264|0:l:true:-1:-1|1:l:false:-1:-1|1:r:true:-1:-1,2,True,sonar.txt,,,,,,,
1.0,,sonar.txt,,,,100,60,,,,,,0.29687682700750884,codt,"[2026-06-15T18:38:09Z INFO  codt_cli] Starting solve with options:
    SolverOptions { lb_strategy: {Improvement, Pair, ClassCount, OneOff}, ub_strategy: ForRemainingInterval, cart_ub: true, cart_ub_patience: 5, cache_max_branch_budget: Some(3), data_reduction: true, track_intermediates: false, timeout: Some(1800s), memory_limit: Some(4294967296) }
    
[2026-06-15T18:38:09Z INFO  codt::search::solver_impl] One off witnesses: 0
[2026-06-15T18:38:09Z INFO  codt::search::solver_impl] Pair lower bound: (primary: 0, secondary: 2)
[2026-06-15T18:38:09Z INFO  codt::search::solver_impl] Final root bounds: lower (primary: 0, secondary: 2), upper (primary: 0, secondary: 2), best (primary: 0, secondary: 2), complete true
[2026-06-15T18:38:09Z INFO  codt::search::solver_impl] Solution cache: 6 useful hits / 4476 lookups (0.1%), 18 entries
[2026-06-15T18:38:09Z INFO  codt_cli] Read time (s): 0.0005545
[2026-06-15T18:38:09Z INFO  codt_cli] Solve time (s): 0.291238822
[2026-06-15T18:38:09Z INFO  codt_cli] Max memory usage (MB): 3.63
[2026-06-15T18:38:09Z INFO  codt_cli] Graph expansions: 1076
[2026-06-15T18:38:09Z INFO  codt_cli] Tree: [57<=0.02:[59<=0.02:1,0],0]
","Set parameter WLSAccessID
Set parameter WLSSecret
Set parameter LicenseID to value 2781812
Academic license 2781812 - for non-commercial use only - registered to tt___@tudelft.nl
Misclassifications: 0. Branch nodes: 2. Accuracy: 100%.
",,,,,"[57<=0.02:[59<=0.02:1,0],0]",5,True,sonar.txt,2.0,data/openml/sampled/sonar.txt,,1076.0,3806330.0,True,perfect-tree-found
1.0,5.0,strikes.csv,strikes.csv,18.0,-1.0,100,6,True,experiments/results/codt-witty-sampled/witty-cache/strikes.txt,51.0,51;5;strikes.csv;100;1.0;0;6;-1;1800;30160;18;false;true;1;1.00;2;0;0;0;0;1;100;2;1;1;6;269;87;0;0;0;0;0;0;0;-1:-1:-1:0:1.0|0:l:true:-1:-1|0:r:false:-1:-1;,30160.0,0.3935140249959659,witty,,"Started problem 51
Set parameter WLSAccessID
Set parameter WLSSecret
Set parameter LicenseID to value 2781812
Academic license 2781812 - for non-commercial use only - registered to tt___@tudelft.nl
Set parameter Threads to value 1
Trying max size 1
Finished problem 51
",1.0,0.0,False,1800.0,-1:-1:-1:0:1.0|0:l:true:-1:-1|0:r:false:-1:-1,1,True,strikes.txt,,,,,,,
1.0,,strikes.txt,,,,100,6,,,,,,0.08018398800049908,codt,"[2026-06-15T18:38:09Z INFO  codt_cli] Starting solve with options:
    SolverOptions { lb_strategy: {Improvement, ClassCount, Pair, OneOff}, ub_strategy: ForRemainingInterval, cart_ub: true, cart_ub_patience: 5, cache_max_branch_budget: Some(3), data_reduction: true, track_intermediates: false, timeout: Some(1800s), memory_limit: Some(4294967296) }
    
[2026-06-15T18:38:09Z INFO  codt::search::solver_impl] One off witnesses: 0
[2026-06-15T18:38:09Z INFO  codt::search::solver_impl] Pair lower bound: (primary: 0, secondary: 1)
[2026-06-15T18:38:09Z INFO  codt::search::solver_impl] Final root bounds: lower (primary: 0, secondary: 1), upper (primary: 0, secondary: 1), best (primary: 0, secondary: 1), complete true
[2026-06-15T18:38:09Z INFO  codt::search::solver_impl] Solution cache: 0 useful hits / 0 lookups (0.0%), 0 entries
[2026-06-15T18:38:09Z INFO  codt_cli] Read time (s): 0.0000525
[2026-06-15T18:38:09Z INFO  codt_cli] Solve time (s): 0.076978685
[2026-06-15T18:38:09Z INFO  codt_cli] Max memory usage (MB): 0.72
[2026-06-15T18:38:09Z INFO  codt_cli] Graph expansions: 0
[2026-06-15T18:38:09Z INFO  codt_cli] Tree: [0<=1.50:1,0]
","Set parameter WLSAccessID
Set parameter WLSSecret
Set parameter LicenseID to value 2781812
Academic license 2781812 - for non-commercial use only - registered to tt___@tudelft.nl
Misclassifications: 0. Branch nodes: 1. Accuracy: 100%.
",,,,,"[0<=1.50:1,0]",3,True,strikes.txt,1.0,data/openml/sampled/strikes.txt,,0.0,754974.0,True,perfect-tree-found
1.0,5.0,vehicle.csv,vehicle.csv,89.0,-1.0,100,18,True,experiments/results/codt-witty-sampled/witty-cache/vehicle.txt,53.0,53;5;vehicle.csv;100;1.0;0;18;-1;1800;30873;89;false;true;4;1.00;51065;25366;42094;71;1092;1057;100;12;2;3;18;684;94;0;0;23740;0;0;0;0;-1:-1:-1:5:7.0|0:l:-1:9:135.0|1:r:-1:14:13.0|0:r:-1:16:180.0|2:l:true:-1:-1|3:r:false:-1:-1|1:l:false:-1:-1|2:r:false:-1:-1|3:l:true:-1:-1;,30873.0,1.5023374559823424,witty,,"Started problem 53
Set parameter WLSAccessID
Set parameter WLSSecret
Set parameter LicenseID to value 2781812
Academic license 2781812 - for non-commercial use only - registered to tt___@tudelft.nl
Set parameter Threads to value 1
Trying max size 4
Finished problem 53
",1.0,0.0,False,1800.0,-1:-1:-1:5:7.0|0:l:-1:9:135.0|1:r:-1:14:13.0|0:r:-1:16:180.0|2:l:true:-1:-1|3:r:false:-1:-1|1:l:false:-1:-1|2:r:false:-1:-1|3:l:true:-1:-1,4,True,vehicle.txt,,,,,,,
1.0,,vehicle.txt,,,,100,18,,,,,,1800.167836151988,codt,,,,,,,"[2, 72.5, [9, 135.5, 0, [7, 46.5, 1, 0]], [11, 339.0, 0, [5, 7.5, 1, 0]]]",11,True,vehicle.txt,5.0,data/openml/sampled/vehicle.txt,,6434509.0,4088512.0,True,perfect-tree-found
1.0,5.0,wind_correlations.csv,wind_correlations.csv,30.0,-1.0,45,46,True,experiments/results/codt-witty-sampled/witty-cache/wind_correlations.txt,56.0,56;5;wind_correlations.csv;45;1.0;0;46;-1;1800;30284;30;false;true;3;1.00;23520;849;6438;0;0;1;45;8;2;2;46;1963;45;0;0;267;0;0;0;0;1:r:-1:3:0.601|-1:-1:-1:4:0.562|1:l:-1:28:0.466|0:l:true:-1:-1|0:r:false:-1:-1|2:l:true:-1:-1|2:r:false:-1:-1;,30284.0,0.8068784780043643,witty,,"Started problem 56
Set parameter WLSAccessID
Set parameter WLSSecret
Set parameter LicenseID to value 2781812
Academic license 2781812 - for non-commercial use only - registered to tt___@tudelft.nl
Set parameter Threads to value 1
Trying max size 3
Finished problem 56
",1.0,0.0,False,1800.0,1:r:-1:3:0.601|-1:-1:-1:4:0.562|1:l:-1:28:0.466|0:l:true:-1:-1|0:r:false:-1:-1|2:l:true:-1:-1|2:r:false:-1:-1,3,True,wind_correlations.txt,,,,,,,
1.0,,wind_correlations.txt,,,,45,46,,,,,,0.2380870620108908,codt,"[2026-06-15T18:38:18Z INFO  codt_cli] Starting solve with options:
    SolverOptions { lb_strategy: {Improvement, ClassCount, OneOff, Pair}, ub_strategy: ForRemainingInterval, cart_ub: true, cart_ub_patience: 5, cache_max_branch_budget: Some(3), data_reduction: true, track_intermediates: false, timeout: Some(1800s), memory_limit: Some(4294967296) }
    
[2026-06-15T18:38:18Z INFO  codt::search::solver_impl] One off witnesses: 0
[2026-06-15T18:38:18Z INFO  codt::search::solver_impl] Pair lower bound: (primary: 0, secondary: 3)
[2026-06-15T18:38:18Z INFO  codt::search::solver_impl] Final root bounds: lower (primary: 0, secondary: 3), upper (primary: 0, secondary: 3), best (primary: 0, secondary: 3), complete true
[2026-06-15T18:38:18Z INFO  codt::search::solver_impl] Solution cache: 6 useful hits / 4757 lookups (0.1%), 19 entries
[2026-06-15T18:38:18Z INFO  codt_cli] Read time (s): 0.0001834
[2026-06-15T18:38:18Z INFO  codt_cli] Solve time (s): 0.231083254
[2026-06-15T18:38:18Z INFO  codt_cli] Max memory usage (MB): 2.72
[2026-06-15T18:38:18Z INFO  codt_cli] Graph expansions: 953
[2026-06-15T18:38:18Z INFO  codt_cli] Tree: [33<=0.39:[28<=0.47:1,0],[13<=0.54:1,0]]
","Set parameter WLSAccessID
Set parameter WLSSecret
Set parameter LicenseID to value 2781812
Academic license 2781812 - for non-commercial use only - registered to tt___@tudelft.nl
Misclassifications: 0. Branch nodes: 3. Accuracy: 100%.
",,,,,"[33<=0.39:[28<=0.47:1,0],[13<=0.54:1,0]]",7,False,wind_correlations.txt,3.0,data/openml/sampled/wind_correlations.txt,,953.0,2852126.0,True,perfect-tree-found
1.0,5.0,wine.csv,wine.csv,78.0,-1.0,100,13,True,experiments/results/codt-witty-sampled/witty-cache/wine.txt,57.0,57;5;wine.csv;100;1.0;0;13;-1;1800;30619;78;false;true;3;1.00;23705;6978;26343;5;226;84;100;9;1;3;13;831;85;0;0;5540;0;0;0;0;-1:-1:-1:4:88.0|0:r:-1:11:2.48|1:r:-1:9:3.4|0:l:true:-1:-1|2:r:false:-1:-1|1:l:true:-1:-1|2:l:true:-1:-1;,30619.0,0.8550053069775458,witty,,"Started problem 57
Set parameter WLSAccessID
Set parameter WLSSecret
Set parameter LicenseID to value 2781812
Academic license 2781812 - for non-commercial use only - registered to tt___@tudelft.nl
Set parameter Threads to value 1
Trying max size 3
Finished problem 57
",1.0,0.0,False,1800.0,-1:-1:-1:4:88.0|0:r:-1:11:2.48|1:r:-1:9:3.4|0:l:true:-1:-1|2:r:false:-1:-1|1:l:true:-1:-1|2:l:true:-1:-1,3,True,wine.txt,,,,,,,
1.0,,wine.txt,,,,100,13,,,,,,0.5593953159986995,codt,"[2026-06-15T18:38:18Z INFO  codt_cli] Starting solve with options:
    SolverOptions { lb_strategy: {Improvement, Pair, ClassCount, OneOff}, ub_strategy: ForRemainingInterval, cart_ub: true, cart_ub_patience: 5, cache_max_branch_budget: Some(3), data_reduction: true, track_intermediates: false, timeout: Some(1800s), memory_limit: Some(4294967296) }
    
[2026-06-15T18:38:18Z INFO  codt::search::solver_impl] One off witnesses: 0
[2026-06-15T18:38:18Z INFO  codt::search::solver_impl] Pair lower bound: (primary: 0, secondary: 3)
[2026-06-15T18:38:19Z INFO  codt::search::solver_impl] Final root bounds: lower (primary: 0, secondary: 3), upper (primary: 0, secondary: 3), best (primary: 0, secondary: 3), complete true
[2026-06-15T18:38:19Z INFO  codt::search::solver_impl] Solution cache: 298 useful hits / 54597 lookups (0.5%), 690 entries
[2026-06-15T18:38:19Z INFO  codt_cli] Read time (s): 0.0001775
[2026-06-15T18:38:19Z INFO  codt_cli] Solve time (s): 0.551747108
[2026-06-15T18:38:19Z INFO  codt_cli] Max memory usage (MB): 2.83
[2026-06-15T18:38:19Z INFO  codt_cli] Graph expansions: 8830
[2026-06-15T18:38:19Z INFO  codt_cli] Tree: [12<=716.00:[1<=3.92:1,0],[9<=3.46:1,0]]
","Set parameter WLSAccessID
Set parameter WLSSecret
Set parameter LicenseID to value 2781812
Academic license 2781812 - for non-commercial use only - registered to tt___@tudelft.nl
Misclassifications: 0. Branch nodes: 3. Accuracy: 100%.
",,,,,"[12<=716.00:[1<=3.92:1,0],[9<=3.46:1,0]]",7,False,wine.txt,3.0,data/openml/sampled/wine.txt,,8830.0,2967470.0,True,perfect-tree-found
